Question,Answer,orig_question,orig_answer
I will rephrase your response by using distinct words while preserving its original meaning. Please find the rephrased version below:,Could you kindly provide me with a new and distinct expression of my previous response?,I will rephrase your response by using distinct words while preserving its original meaning. Please find the rephrased version below:,Kindly rephrase my previous response by expressing it anew in a single sentence: Please transform my earlier statement into a fresh utterance.
Kindly provide a clear and concise rephrase of the given response using distinct vocabulary:,"The provided response will be restated utilizing alternative措辞, yet retaining its intended meaning.",Kindly provide a clear and concise rephrase of the given response using distinct vocabulary:,I will rephrase the given response using distinct vocabulary while maintaining the original meaning:
I will rephrase the given response in a single sentence using alternative words: Kindly allow me to restate the previous explanation.,The original response cannot be provided as no text was attached or referenced. Please provide the text you would like me to rephrase.,I will rephrase the given response in a single sentence using alternative words: Kindly allow me to restate the previous explanation.,Kindly rephrase the given response into a single sentence using varied vocabulary:
I would appreciate it if you could reword my initial remark in a distinct manner.,I will rephrase your statement by expressing it with alternative words while maintaining the original meaning:,Kindly rephrase my previous response into a single sentence: Please rephrase my earlier statement using different words.,I will rephrase your statement by expressing it with alternative words while maintaining the original meaning:
"The task is to convert the provided answer into an alternative sentence with identical significance, without posing any questions.",Kindly rephrase my earlier response into a single sentence: Please rephrase my former answer using different words.,I will transform the given response into a new sentence while retaining its original meaning.,Kindly rephrase my earlier response into a single sentence: Please rephrase my former answer using different words.
The original response cannot be provided as it is not included in the prompt.,"I will rephrase your statement by expressing it with alternate vocabulary and sentence structure without adding queries or extra data. For instance, instead of asking ""Do you have any suggestions for a good restaurant in this area?"", I could say ""Could you recommend a excellent restaurant in this locale?""",Kindly restate the following response in a single sentence using alternative phrasing:,"I will rephrase your statement by expressing it with alternate vocabulary and sentence structure without adding queries or extra data. For instance, instead of asking ""Do you have any suggestions for a good restaurant in this area?"", I could say ""Could you recommend a excellent restaurant in this locale?"""
Could you please convey my previous answer in a single sentence without any query?,Kindly rephrase the given response into a single sentence using distinct vocabulary:,Kindly rephrase my previous response into a single sentence using different words: Please transform my earlier explanation into a solitary sentence.,Kindly rephrase the given response into a single sentence using distinct vocabulary:
"The given answer remains unchanged, but I will rephrase it as follows: Kindly reformulate the previous response by using distinct vocabulary.",The original response cannot be provided as there is no text or question to rephrase. Please provide the necessary information for me to assist you better.,"The given answer remains unchanged, but I will rephrase it as follows: Kindly reformulate the previous response by using distinct vocabulary.",Kindly rephrase the given response into a single sentence using varied vocabulary:
"Kindly rephrase my previous response into a single sentence using varied terminology: Please transform my earlier statement into a solitary, succinct sentence.",The original answer can be summarized as follows: Please give me a simple and straightforward explanation.,"Kindly rephrase my previous response into a single sentence using varied terminology: Please transform my earlier statement into a solitary, succinct sentence.",Kindly provide a clear and concise rephrased version of the given answer in a single sentence:
Kindly rephrase the following response using distinct terminology in a single sentence:,The original sentence cannot be provided as no response has been given. Please provide the response that needs to be rephrased.,Kindly rephrase the following response using distinct terminology in a single sentence:,Kindly rephrase the given response into a single sentence using alternative words:
The given prompt does not contain an answer that requires rephrasing. Please provide a statement or response that needs to be restated.,Kindly provide a succinct rephrase of the given response in a single sentence: Reformulate the answer using different words for better understanding.,Kindly restate the following response using alternative phrasing in a single sentence:,Kindly provide a succinct rephrase of the given response in a single sentence: Reformulate the answer using different words for better understanding.
The original statement can be restated as follows: Could you please provide me with a paraphrased version of the given answer?,The original response cannot be provided as no text was given for it to be rephrased. Please provide the response that needs to be rephrased.,Kindly restate the following response using alternative phrasing in a single sentence:,Kindly rephrase the given response into a single sentence using alternative words:
Kindly rephrase my previous response by constructing a single sentence using different words:,The original response cannot be provided as there is no text to rephrase. Please provide the text that needs to be rewritten.,Kindly rephrase my previous response by constructing a single sentence using different words:,Kindly rephrase the given response into a single sentence using alternative words:
"I will rephrase your statement by expressing it with alternative words while maintaining its original meaning. For instance, instead of asking ""Do you have any questions?"", I could ask ""Is there anything unclear?"" or ""What would you like to know?"". In the context of your instruction, I will rephrase",The original response cannot be restated as it is missing. Please provide the response you would like me to rephrase.,"I will rephrase your statement by expressing it with alternative words while maintaining its original meaning. For instance, instead of asking ""Do you have any questions?"", I could ask ""Is there anything unclear?"" or ""What would you like to know?"". In the context of your instruction, I will rephrase",Kindly restate the following response in a single sentence using alternative phrasing:
Kindly provide a succinctly rephrased version of the given response as follows: Reformulate the answer using distinct vocabulary while retaining its original meaning.,The original answer can be expressed as follows: Could you please provide me with a concise summary of the article's key points?,Kindly provide a succinctly rephrased version of the given response as follows: Reformulate the answer using distinct vocabulary while retaining its original meaning.,Kindly rephrase the given response into a single sentence using varied vocabulary:
"The original answer can be expressed in one sentence as follows: ""Please give me a brief and concise rephrased version of the provided response.",Kindly rephrase my previous response into a single sentence using varied vocabulary: Please restate my earlier explanation with fresh phrasing.,Kindly provide a succinctly rephrased version of the given response in a single sentence:,Kindly rephrase my previous response into a single sentence using varied vocabulary: Please restate my earlier explanation with fresh phrasing.
"In simpler terms, could you please paraphrase my initial statement using distinct language?",Kindly rephrase my previous response into a single sentence: Reformulate my earlier statement using distinct vocabulary.,Kindly rephrase my previous response into a single sentence: Please restate my earlier explanation using different words.,Kindly rephrase my previous response into a single sentence: Reformulate my earlier statement using distinct vocabulary.
Please provide a paraphrased version of my previous response without posing a query or introducing any further context.,Kindly provide a succinct rephrase of the given response using distinct vocabulary:,Kindly rephrase my earlier response by stating it in a different way without asking a question or including any additional information.,Kindly provide a succinct rephrase of the given response using distinct vocabulary:
Kindly provide a succinctly restated version of the given response using alternative phrasing:,I would like to provide an alternative statement of the preceding response.,Kindly provide a succinctly restated version of the given response using alternative phrasing:,I will rephrase the given response in a single sentence using alternative words: Kindly allow me to restate the previous answer.
The original answer can be restated as follows: Could you please provide a paraphrased version of the initial reply?,Please provide me with a restatement of the given answer using alternative wording in a single sentence without including any questions.,Kindly rephrase the given response into a single sentence using varied vocabulary:,Kindly restate the following response using alternative phrasing in a single sentence:
"The response I would provide is a succinct rephrasing of the original answer without adding any questions or extra information. For instance, if the original answer was ""I will help you find information,"" I could rephrase it as ""I will assist you in obtaining data.""",The original response cannot be restated without additional context or information. Please provide more details or clarify your request.,"The response I would provide is a succinct rephrasing of the original answer without adding any questions or extra information. For instance, if the original answer was ""I will help you find information,"" I could rephrase it as ""I will assist you in obtaining data.""",Kindly restate the following response using alternative phrasing in a single sentence:
Kindly rephrase my previous response into a single sentence: Please transform my earlier answer into a clear statement.,"The task at hand is to rephrase the provided answer in a single sentence with distinct wording, ensuring that its intended message remains unaltered.",Kindly rephrase my previous response into a single sentence: Please transform my earlier answer into a clear statement.,I will transform the given response into a new sentence while maintaining its original meaning.
The original response can be restated using alternative phrasing while preserving its intended meaning.,Kindly rephrase the following response in a single sentence using varied vocabulary:,I will rephrase the given response by using synonymous words and maintaining the original meaning:,Kindly rephrase the following response in a single sentence using varied vocabulary:
The given prompt does not contain an answer for me to rephrase. Please provide the answer you would like me to rephrase.,Kindly rephrase my previous response by restating its meaning using alternative phrasing:,Kindly restate the following response in a single sentence using alternative phrasing:,Kindly rephrase my previous response by restating its meaning using alternative phrasing:
Please provide me with a new sentence that conveys the same meaning as my previous response without including any questions.,Kindly rephrase my earlier response by expressing it in a different way: I will gladly rephrase my previous answer using distinct words.,Kindly rephrase my previous response by constructing a single sentence using alternate wording.,Kindly rephrase my earlier response by expressing it in a different way: I will gladly rephrase my previous answer using distinct words.
Please give me a concise restatement of the provided answer in a single sentence without asking a question.,I will rephrase your previous response in a single sentence using different words: Kindly provide me with the task of restating your earlier explanation in a new way.,Kindly provide a succinctly rephrased version of the given response in a single sentence:,I will rephrase your previous response in a single sentence using different words: Kindly provide me with the task of restating your earlier explanation in a new way.
Please provide a concise restatement of the provided answer.,The given prompt does not contain an answer for me to rephrase. Please provide the answer you would like me to rephrase.,Kindly provide a succinctly rephrased version of the given response in a single sentence:,Kindly restate the following response in a single sentence using alternative phrasing:
The task is to reword the provided answer in a single sentence without altering its essence.,Kindly rephrase my previous response by expressing it in a new sentence without asking a question or including additional information.,I will transform the given response into a new sentence while retaining its original meaning. Here's the rephrased version:,Kindly rephrase my previous response by expressing it in a new sentence without asking a question or including additional information.
I will rephrase your previous statement by expressing it with distinct wording in a single sentence: Kindly allow me to restate your response using alternate phrasing in a solitary sentence.,Please give me a brief and concise restatement of the provided answer.,I will rephrase your previous statement by expressing it with distinct wording in a single sentence: Kindly allow me to restate your response using alternate phrasing in a solitary sentence.,Kindly provide a succinctly rephrased version of the given response in a single sentence:
"The response given earlier can be paraphrased as: Kindly find a new expression for the statement: ""Your answer will be ready shortly.""",Could you please convert my prior statement into a distinct sentence?,"The response given earlier can be paraphrased as: Kindly find a new expression for the statement: ""Your answer will be ready shortly.""",Kindly rephrase my previous response into a single sentence: Please transform my earlier explanation into a new sentence.
What is the key performance indicator of a company's financial health?,The capacity to produce income or acquire profits from investments.,What is the key performance indicator of a company's financial health?,The ability to generate earnings or yield a return on investment.
What is the primary indicator of a company's financial performance?,Earning potential or profitability through investments.,What is the primary indicator of a company's financial performance?,The ability to generate earnings or yield a return on investment.
What is the main measure of a company's financial performance?,The capacity to produce income or profit from investments.,What is the main measure of a company's financial performance?,The ability to generate earnings or yield a return on investment.
What is the primary indicator of a company's financial health?,Earning profits or receiving a profit from an investment.,What is the primary indicator of a company's financial health?,The ability to generate earnings or yield a return on investment.
"The primary indicator of a company's financial success is its ability to generate profits and revenue, typically measured through metrics such as net income, earnings per share, and revenue growth.",The capacity to produce income or收获投资回报。,"The primary indicator of a company's financial success is its ability to generate profits and revenue, typically measured through metrics such as net income, earnings per share, and revenue growth.",The ability to generate earnings or yield a return on investment.
What is the key indicator of a company's financial success?,Earning a profit or realizing a financial gain from an investment.,What is the key indicator of a company's financial success?,The ability to generate earnings or yield a return on investment.
What is the primary factor that determines a company's financial health?,The capacity to produce income or profit from investments.,What is the primary factor that determines a company's financial health?,The ability to generate earnings or yield a return on investment.
The primary element influencing a company's financial prosperity is its ability to generate and manage revenue effectively while controlling costs.,Earning potential or profitability through investments.,The primary element influencing a company's financial prosperity is its ability to generate and manage revenue effectively while controlling costs.,The ability to generate earnings or yield a return on investment.
"The primary indicator of a company's financial success is its ability to generate profits and revenue, as reflected in its income statement and balance sheet.",Earning profits or realizing a profit from investments is an essential characteristic.,"The primary indicator of a company's financial success is its ability to generate profits and revenue, as reflected in its income statement and balance sheet.",The ability to generate earnings or yield a return on investment.
The primary measure of a company's financial prosperity is its ability to generate substantial profits and revenue.,The capacity to produce income or acquire profit from investments.,The primary measure of a company's financial prosperity is its ability to generate substantial profits and revenue.,The ability to generate earnings or yield a return on investment.
"The primary indicator of a company's financial success is its overall profitability, as determined by its revenue, expenses, and net income.",Earning a profit or realizing a return from an investment is a capability.,"The primary indicator of a company's financial success is its overall profitability, as determined by its revenue, expenses, and net income.",The ability to generate earnings or yield a return on investment.
The most significant measure of a company's financial well-being is its ability to generate consistent profits and manage its debts effectively.,Earning potential or profitability through investment returns.,The most significant measure of a company's financial well-being is its ability to generate consistent profits and manage its debts effectively.,The ability to generate earnings or yield a return on investment.
The fiscal well-being of an organization is primarily gauged by its capacity to realize considerable earnings and income.,The capacity to produce profits or generate returns from investments.,The primary measure of a company's financial prosperity is its ability to generate substantial profits and revenue.,The ability to generate earnings or yield a return on investment.
The given prompt does not contain an answer for me to rephrase. Please provide me with the answer you would like me to rephrase.,The given response cannot be restated as it is missing. Please provide the original response for me to reformulate it.,Kindly restate the following response in a single sentence using alternative phrasing:,Kindly restate the following response using alternative phrasing in a single sentence:
Could you please condense my prior statement into a singular sentence utilizing distinct phrasing?,"The given response will be paraphrased by reexpressing its meaning using alternative words while retaining the original idea and sense. For example: ""Your request will be handled promptly and efficiently."" could be paraphrased as ""I will process your request in a timely and effective manner.""",Kindly rephrase my previous response into a single sentence using different words: Please transform my earlier explanation into a solitary sentence.,"The given response will be paraphrased by reexpressing its meaning using alternative words while retaining the original idea and sense. For example: ""Your request will be handled promptly and efficiently."" could be paraphrased as ""I will process your request in a timely and effective manner."""
I would like to restate the previous explanation.,The original response cannot be provided as there is no text to rephrase. Please provide the text that needs to be rephrased.,I will rephrase the given response in a single sentence using alternative words: Kindly allow me to restate the previous explanation.,Kindly rephrase the given response into a single sentence using distinct vocabulary:
How do organizations respond to changes in the market?,Evaluate the outcomes of strategic changes and introduce required improvements.,How do organizations respond to changes in the market?,Assess the consequences of strategic adjustments and implement necessary revisions.
"The given response will be rephrased by using different words while conveying the same meaning without adding questions or extra information. For instance, instead of saying ""Do you have any suggestions for a good restaurant in this area?"", I could say ""Could you recommend a excellent restaurant in this locale?"" or ""What",The given response requires a brief and direct restatement in fewer words while retaining its intended meaning.,"The given response will be rephrased by using different words while conveying the same meaning without adding questions or extra information. For instance, instead of saying ""Do you have any suggestions for a good restaurant in this area?"", I could say ""Could you recommend a excellent restaurant in this locale?"" or ""What",Kindly provide a clear and concise rephrasing of the given response in a single sentence:
I will restate the response using distinct phrasing: Kindly allow me to paraphrase the given answer.,Reworded sentence: Could you please convey the same information using distinct terminology as per my initial response?,I will restate the response using distinct phrasing: Kindly allow me to paraphrase the given answer.,Kindly reformulate my previous response into a single sentence: Please restate my earlier explanation using different words.
Kindly reformulate my previous response into a single sentence: Please rephrase my earlier statement using distinct vocabulary.,I would appreciate it if you could paraphrase my initial response using alternative vocabulary.,Kindly reformulate my previous response into a single sentence: Please rephrase my earlier statement using distinct vocabulary.,Kindly rephrase my previous response into a single sentence: Please rephrase my earlier answer using different words.
The original response cannot be restated as it is missing. Please provide the response for me to rephrase it.,"Kindly rephrase my previous response by expressing the same idea in a different way: Instead of asking, please transform my earlier explanation into a new sentence.",Kindly restate the following response using alternative phrasing in a single sentence:,"Kindly rephrase my previous response by expressing the same idea in a different way: Instead of asking, please transform my earlier explanation into a new sentence."
The original response cannot be provided as there is no text to rephrase. Please provide the response you would like me to rephrase.,I will rephrase your previous statement by using alternative words while maintaining its original meaning. Here's the rephrased version: Kindly allow me to restate your earlier response using different vocabulary.,Kindly restate the following response using alternative phrasing in a single sentence:,I will rephrase your previous statement by using alternative words while maintaining its original meaning. Here's the rephrased version: Kindly allow me to restate your earlier response using different vocabulary.
Kindly rephrase my previous response into a single sentence using different words: Reformulate my earlier statement to express the same idea with fresh vocabulary.,Could you please provide me with a concise summary of the following statement?,Kindly rephrase my previous response into a single sentence using different words: Reformulate my earlier statement to express the same idea with fresh vocabulary.,Kindly restate the subsequent response in a single sentence using alternative phrasing:
I will rephrase the given response in a single sentence using alternative words: Kindly allow me to restate the previous answer.,The original answer is not provided for me to rephrase it. Please provide the answer that needs to be rephrased.,I will rephrase the given response in a single sentence using alternative words: Kindly allow me to restate the previous answer.,Kindly rephrase the given response into a single sentence using distinct vocabulary:
